availability,price,rating,title
In stock,51.77,Three,A Light in the ...
In stock,53.74,One,Tipping the Velvet
In stock,50.10,One,Soumission
In stock,47.82,Four,Sharp Objects
In stock,54.23,Five,Sapiens: A Brief History ...
In stock,22.65,One,The Requiem Red
In stock,33.34,Four,The Dirty Little Secrets ...
In stock,17.93,Three,The Coming Woman: A ...
In stock,22.60,Four,The Boys in the ...
In stock,52.15,One,The Black Maria
In stock,13.99,Two,Starving Hearts (Triangular Trade ...
In stock,20.66,Four,Shakespeare's Sonnets
In stock,17.46,Five,Set Me Free
In stock,52.29,Five,Scott Pilgrim's Precious Little ...
In stock,35.02,Five,Rip it Up and ...
In stock,57.25,Three,Our Band Could Be ...
In stock,23.88,One,Olio
In stock,37.59,One,Mesaerion: The Best Science ...
In stock,51.33,Two,Libertarianism for Beginners
In stock,45.17,Two,It's Only the Himalayas
In stock,12.84,One,In Her Wake
In stock,37.32,Two,How Music Works
In stock,30.52,Three,Foolproof Preserving: A Guide ...
In stock,25.27,Five,Chase Me (Paris Nights ...
In stock,34.53,Five,Black Dust
In stock,54.64,Three,Birdsong: A Story in ...
In stock,22.50,Three,America's Cradle of Quarterbacks: ...
In stock,53.13,Three,Aladdin and His Wonderful ...
In stock,40.30,Five,Worlds Elsewhere: Journeys Around ...
In stock,44.18,Four,Wall and Piece
In stock,17.66,Five,The Four Agreements: A ...
In stock,31.05,Three,The Five Love Languages: ...
In stock,23.82,Five,The Elephant Tree
In stock,36.89,One,The Bear and the ...
In stock,15.94,Five,Sophie's World
In stock,33.29,Three,Penny Maybe
In stock,18.02,Two,Maude (1883-1993):She Grew Up ...
In stock,19.63,One,"In a Dark, Dark ..."
In stock,52.22,Four,Behind Closed Doors
In stock,33.63,Two,You can't bury them ...
In stock,57.31,Three,Slow States of Collapse: ...
In stock,26.41,Two,Reasons to Stay Alive
In stock,47.61,Five,Private Paris (Private #10)
In stock,23.11,Five,#HigherSelfie: Wake Up Your ...
In stock,45.07,Two,Without Borders (Wanderlove #1)
In stock,31.77,One,When We Collided
In stock,50.27,Five,"We Love You, Charlie ..."
In stock,14.27,Four,Untitled Collection: Sabbath Poems ...
In stock,44.18,Four,Unseen City: The Majesty ...
In stock,18.78,Three,Unicorn Tracks
In stock,25.52,One,Unbound: How Eight Technologies ...
In stock,16.28,One,Tsubasa: WoRLD CHRoNiCLE 2 ...
In stock,31.12,Three,Throwing Rocks at the ...
In stock,19.49,Four,This One Summer
In stock,17.27,Five,Thirst
In stock,19.09,One,The Torch Is Passed: ...
In stock,56.13,One,The Secret of Dreadwillow ...
In stock,56.41,One,The Pioneer Woman Cooks: ...
In stock,56.50,Four,The Past Never Ends
In stock,45.22,Three,The Natural History of ...
